{"noiseKey":{"private":{"type":"Buffer","data":"sOVD2jXC+wMSK4KPvrjPOcClDdltaulE/QCtltvsnXE="},"public":{"type":"Buffer","data":"Dv2FZJh90awW4dJ7rJ9xKRZdk2oWQgf6VSzmFBnxkEg="}},"pairingEphemeralKeyPair":{"private":{"type":"Buffer","data":"GHe5vq85EGiTb3jf3qBkqAoBLbvQdWzyI0rOfLMuR1o="},"public":{"type":"Buffer","data":"a95+FY2pmYEGIyV0RPPZg0NRkwuIm2DPeQdlLZmzRXA="}},"signedIdentityKey":{"private":{"type":"Buffer","data":"KI9LbF1Pq/ge0qsppm7FTy7eeQ9fHVPbwQW9up6y6mc="},"public":{"type":"Buffer","data":"0MEEqywY4jj7rgtV0vEXqUcxQlvfDTXI/DgztiMBNSU="}},"signedPreKey":{"keyPair":{"private":{"type":"Buffer","data":"uLEY1DBJmbR5VIInm6m4+W9T0R3KSDNMlgTPhfvbxVQ="},"public":{"type":"Buffer","data":"2VoQJLQ/TFCeHdnr7G0mbv1xZlul1utfxKPbB5+LH3Y="}},"signature":{"type":"Buffer","data":"ZT/+hvFMwwi1GTl654amElnFnB2qBaoCweVHzFCk7DDux/SNkvtFcOqsyV6s8j1pwU8slVQyZRpEsIazIwh6hA=="},"keyId":1},"registrationId":7,"advSecretKey":"ENUjDJrM8+lwrneWzqTczrFcXLwjto39ZjchSPSyK+4=","processedHistoryMessages":[{"key":{"remoteJid":"6283871364704@s.whatsapp.net","fromMe":true,"id":"332AAD9A4896E26E8AFD4816615D6478"},"messageTimestamp":1711453570},{"key":{"remoteJid":"6283871364704@s.whatsapp.net","fromMe":true,"id":"4C0BF28489159B0F1BF3EC417C74E8C7"},"messageTimestamp":1711453572}],"nextPreKeyId":31,"firstUnuploadedPreKeyId":31,"accountSyncCounter":1,"accountSettings":{"unarchiveChats":false},"deviceId":"kDWvLLieQP-LQIPRh4QiAQ","phoneId":"e5acf6dc-0005-4229-af01-eba0d5583eb7","identityId":{"type":"Buffer","data":"x8ztaYXGy00rWzqn2144AbIjKgE="},"registered":true,"backupToken":{"type":"Buffer","data":"/Xm5bMTQjtkjijURNqLLw8Xq73A="},"registration":{},"pairingCode":"7Q4B6BX1","me":{"id":"6283871364704:8@s.whatsapp.net","name":"Echaa","jid":"6283871364704@s.whatsapp.net","lid":"242176445415480:8@lid"},"account":{"details":"COz96loQ/OqKsAYYByAAKAA=","accountSignatureKey":"/fl8Hlxn5KdWzoX5M+2q/uzItNCXFttI95SWzKWakn0=","accountSignature":"Zy9BtrUImB6NYLJAjlonCCAz9JT5Amavz+Kj0dAb+gaZ9YzNl1JDBePvELCn19EhK5bUtt1aU+EOHsURZvZ+BA==","deviceSignature":"1KZ3LWLHlx6z1RwjUPtFQ7s2b8V5NFqWF4LZsbBp1mdJxwXlQQ9gBgoJ8s38ep7INHMPSCZq0C93uFWhJpOOjA=="},"signalIdentities":[{"identifier":{"name":"6283871364704:8@s.whatsapp.net","deviceId":0},"identifierKey":{"type":"Buffer","data":"Bf35fB5cZ+SnVs6F+TPtqv7syLTQlxbbSPeUlsylmpJ9"}}],"platform":"android","lastAccountSyncTimestamp":1711453567,"myAppStateKeyId":"AAAAAP2P"}